epoch,train_loss,val_loss,train_acc,val_acc
1,0.1314311248892481,0.09854367665247991,0.9731073446327684,0.9794466403162055
2,0.11037230065986783,0.09482472643721848,0.9755932203389831,0.9794466403162055
